example_id,customer_text,amazon_text,intent,human_notes,labeling_reason,human_verified,predicted_intent,confidence
1,@AmazonHelp I love the @115821 Prime too y'all on point for that!!!,@253552 Did we just become best friends?! 👏🤗 ^AM,customer_service_other,,"General complaint, contact request, praise, or unclear issue.",,customer_service_other,0.29460526113171165
2,I really can’t handle stupid people this early in the morning. I’m talk to you @115821 Third call into customer “care” #annoyed,"@666771 I'm truly sorry about your experience with us! Without sharing any personal info, what was it that you needed help with? ^JZ",customer_service_other,,"General complaint, contact request, praise, or unclear issue.",,customer_service_other,0.3162051202459562
3,@240244 @AmazonHelp @149473 I paid amount to amazon not to bluedart so amazon should look at it and should coordinate with them.Poor service from both bluedart &amp; amazon,@295979 Kindly check for the correspondence sent by the Social Media team here: https://t.co/8DAc10S7ww ^AP,customer_service_other,,"General complaint, contact request, praise, or unclear issue.",,delivery_delay,0.21329229741557132
4,@115850 Order shows delivered but nobody came to deliver the package Order Id:   404-8193082-7734751,"@403481 I am so sorry for the mix up. I’d like to help you, please fill this form: https://t.co/beaaDm0muc and I’ll contact you soon. ^SC",delivery_missing,,Customer reports a delivered/missing/not-received shipment.,,delivery_missing,0.5056906374057906
5,@AmazonHelp I got in touch with ur customer rep. They say videos are not supported on SD card and should be downloaded to internal storage only.,@765660 There's no possibility for content on Prime video to save offline on a memory card. You might want to check with manufacturer. ^HT,customer_service_other,,"General complaint, contact request, praise, or unclear issue.",,technical_support,0.4715218377966744
6,@115850 @132994 @139570 @132995 Finally today I received my One+5 Smartphone.Long   wait is over. Question remains who will compensate pain &amp;agony I faced? @132994,@218503 please contact us here: https://t.co/rS49hgaADF so that we can assist you accordingly. (2/2) ^JS,customer_service_other,,"General complaint, contact request, praise, or unclear issue.",,delivery_delay,0.2506206134306999
7,"@AmazonHelp It was expected 10/30-10/31 so yes, it has passed.",@119969 Please contact us: https://t.co/hApLpMlfHN so an agent can look into this for you. ^JJ,customer_service_other,,"General complaint, contact request, praise, or unclear issue.",,delivery_delay,0.24544575492175472
8,This is unacceptable and I’m livid.  @115821 come on now! https://t.co/HOX2hf1zIA,"@781981 I'm very sorry for the delay with your package, Maggie! We definitely understand the frustration! Delayed orders typically arrive 1-2 days after the missed delivery date. Please let us know if it hasn't arrived by end date of new delivery date. ^HM",customer_service_other,,"General complaint, contact request, praise, or unclear issue.",,customer_service_other,0.2212241248232497
9,@AmazonHelp What's the response from amazon team. I'm anxious to see my idea @115850,@120686 Big ideas take time to be implemented. 😉 We have forwarded your suggestion. We don't get any update on it.^HR,customer_service_other,,"General complaint, contact request, praise, or unclear issue.",,customer_service_other,0.3064116453573766
10,HURRY UP @115830 I WANT MY TREE,@244109 Hello! I understand you have an order on the way. Have we missed the expected delivery date shown on the order confirmation email? ^RO,customer_service_other,,"General complaint, contact request, praise, or unclear issue.",,delivery_delay,0.22235000888771586
11,"@AmazonHelp @115821 @115850 @AmazonHelp @115851 #amazon #news #mouthshut #consumer ""2 cover ur fault, or are untrained. WORK ON UR SKILLS.""  (3/3)",@208722 I get your disappointment. I've shared your feedback with the relevant team internally. ^HA,customer_service_other,,"General complaint, contact request, praise, or unclear issue.",,customer_service_other,0.2929736162667362
12,"@AmazonHelp To be specific, which particular message you want me to reply. Because of your inability to pickup, I have lots of message with same subject","@319629 Deep, please revert to the email you've received from the social media team. We'll check review it. ^MS",customer_service_other,,"General complaint, contact request, praise, or unclear issue.",,customer_service_other,0.2523017777247348
13,@AmazonHelp Will respond to the note. The picture has an order number which is not PI.,@194209 We consider the order number to be personal information hence we have requested you not to share the same. ^ZH,customer_service_other,,"General complaint, contact request, praise, or unclear issue.",,customer_service_other,0.2713761194102258
14,@AmazonHelp My simple querry is MRP printed on pruduct is 1199. Then how come? You are selling it for 1399. Your conditions given on the link,"@444537 I understand the confusion you have with the MRP, Om. You can get a clarity on it here https://t.co/KEvww0DWc8 ^MA",customer_service_other,,"General complaint, contact request, praise, or unclear issue.",,seller_promotion,0.4695223334212505
15,"So I turn off one-click purchase on all devices, and it is still enabled on all my devices.  What's up with that @AmazonHelp ?   Seems kinda shady...",@283984 Hi Andy. When did you make the change? Did you receive confirmation it was a success? ^NV,customer_service_other,,"General complaint, contact request, praise, or unclear issue.",,technical_support,0.4942592039770072
16,"@115850 Order had 2 reach by 29th. Now says, the order is ON-Time n will reach by 1st Dec. I need complete reimbursement n compensation, not only for False commitment but also for FALSE statements. Dis is really Pathetic. Amazon wants customers 2 remain Blind n Idiot. Pathetic support https://t.co/NQz2HvpQa5","@136308 Apologies for the inconvenience regarding the delivery. Kindly report this to our team here: https://t.co/rS49hgaADF so that they can assist you accordingly. Also, I'd inform you that we won't be able to provide any compensation. Appreciate your understanding. ^BV",return_refund,,"Explicit return, refund, replacement, or reimbursement request.",,delivery_delay,0.2553708581714487
17,Another #Prime delivery that wasn't received on time &amp; delivery partner listed as delivered #epicfail @115850 Won't renew #Prime m'bership,"@383290 Apologies for the miss on delivery, we certainly did not expect this to happen. 1/2 ^PS",customer_service_other,,"General complaint, contact request, praise, or unclear issue.",,delivery_delay,0.3987527283804514
18,@AmazonHelp It's my office address and it closes by 6-6:15 pm. For the package i have to wait till 8 pm ?? And by the way it guy told me he is coming by 2 pm but still he is not der and not evening picking my call.,"@132985 Apologies for the trouble. We'd deliver till 7:00pm on commercial addresses. Further, have you reported this to our support team here: https://t.co/vlvfJr4nN9? ^RB",customer_service_other,,"General complaint, contact request, praise, or unclear issue.",,delivery_delay,0.24360760331921646
19,"@115850 Order #405-9035122-8981915 
What's up with the wrong math?
#justasking https://t.co/WvWRgHkBtY","@183222 Please don't provide your order details, we consider it to be personal information. Our page is visible to the public. ^KA",customer_service_other,,"General complaint, contact request, praise, or unclear issue.",,payment_billing,0.43924366712989893
20,"@AmazonHelp my dear Indian brothers n sisters, don't believe in Amazon India, because their service is distinctive n derogatory #lucky if u get support.",@216871 position to help you in these regards. Appreciate your understanding. (2/2) ^ST,customer_service_other,,"General complaint, contact request, praise, or unclear issue.",,customer_service_other,0.25934657029556696
21,@AmazonHelp No any solution provide from your side and I am unable to contact with Amazon care because our call is blocked by Amazon..,@120469 Could you please confirm if you have replied to the email sent by us. ^VH,customer_service_other,,"General complaint, contact request, praise, or unclear issue.",,customer_service_other,0.32519482851179726
22,@AmazonHelp I have given my details two times.. you only took the details and harassing me,@214484 As you've shared your details we'll work on it and get back to you. ^HN,customer_service_other,,"General complaint, contact request, praise, or unclear issue.",,customer_service_other,0.27534973397805557
23,"@AmazonHelp No need. I'll wait till Monday which was original expected date when I placed the order. If it doesn't arrive then, then there's a problem.",@476653 Great! Just keep us posted! ^BN,customer_service_other,,"General complaint, contact request, praise, or unclear issue.",,delivery_delay,0.3199416638465479
24,@115830 If I had to pick a not so safe place this one your driver chose would be top of the list https://t.co/0oi4vavGJw,@261149 Oh no! I'm so sorry to hear that! Have you set up a safe place for parcels? You can set those up here: https://t.co/VzfjQ0LKvV ^VF,customer_service_other,,"General complaint, contact request, praise, or unclear issue.",,delivery_missing,0.3262925282044667
25,@AmazonHelp Somewhat concerned that my package had left the Chino facility for going over 30 hours now with no update. (Already late).,@298106 I'm sorry we missed our mark. Who's the carrier? Do you see a new delivery date: https://t.co/Y5jpI9gRhE? ^CO,delivery_delay,,Customer reports a shipment arriving later than expected.,,delivery_delay,0.26082481507079924
26,@AmazonHelp Sorted many thanks!,@450933 I'm glad we could help! Let us know if there's anything else we can help you with! ^TK,customer_service_other,,"General complaint, contact request, praise, or unclear issue.",,customer_service_other,0.34198982635773745
27,@AmazonHelp This is not the first time...i hv been facing issue for last one week ..and earlier also.. nobody cared...very disappointing...I told many friends too for this bad experiences.,@512817 I'm so sorry to hear that the issue hasn't been taken care of yet. We'd like to look into this issue and help you out. Could you please drop your details here: https://t.co/beaaDm0muc so we can check and contact you. ^RI,customer_service_other,,"General complaint, contact request, praise, or unclear issue.",,customer_service_other,0.2550811497592197
28,@715660 $108 was taken out my account for amazon prime and i didn't sign up for none of that shit,@742458 I'm sorry about the unexpected expense! You can cancel your Prime membership for a refund: https://t.co/NfFEaumGk7 Please let us know if we can help with anything else! ^PF,customer_service_other,,"General complaint, contact request, praise, or unclear issue.",,payment_billing,0.48260037293968244
29,@UPSHelp My package from @2629 is lost&amp; my @115821 was supposed 2 b here at the end of the day 2 day....now the ETA has changed....AGAIN!!!!,@274705 Oh no! Please let us know if it doesn't arrive by the new delivery date. ^MT,customer_service_other,,"General complaint, contact request, praise, or unclear issue.",,delivery_missing,0.3855912252547012
30,"@115850  fake service by your team, After many request your team did contact us,our number +91-9136432055 contact us if any body can solve","@495795 Don't provide your contact number, we consider it to be personal info. Our Twitter page is visible to the public. ^MP 2/2",customer_service_other,,"General complaint, contact request, praise, or unclear issue.",,customer_service_other,0.39623289103083226
31,"@AmazonHelp Hey, i want to downgrade my prime membership to video and music only. is that feasible? if not, video only is fine. I seem to remember when i tried to cancel once that you offered me a reduced package of £4.99 but i can't see that now when i look?",@204201 Hi Jack! We'll be glad to help. Please get in touch with us here: https://t.co/JzP7hlA23B to see your options. ^CN,seller_promotion,,"Seller, pricing, promotion, offer, or shopping-related request.",,customer_service_other,0.19005602406308783
32,"@115821 @115821 My account was hacked, entire history and all videos purchased are now gone. No one is helping. Can I get a refund for all the videos I bought but were deleted by the hack? Does @115821 even care when customer accounts are hacked?",@576399 I'm sorry for the trouble with your Amazon Video library. We're unable to access your Amazon account through Twitter. Please reach us by phone or chat here: https://t.co/hApLpMlfHN ^LR,account_access,,Explicit account access/security issue.,,account_access,0.5961849041912352
33,"@AmazonHelp So this order 407-7402036-7182732
Placed on 30th and supposed to reach me on 2nd  November
Now is this as per amazon prime delivery std ??",@120086 I'm sorry you had an unpleasant experience regarding the delivery. I would pass on your comments as feedback to our team 1/3 ^SB,customer_service_other,,"General complaint, contact request, praise, or unclear issue.",,delivery_delay,0.3243782652985001
34,"@115821 This review violates guidelines? Jesus christ, it's nothing but praise for the seller. Seriously, please tell me how it isn't a good review. https://t.co/j3rWiPcyHu",@746221 I'm sorry for trouble posting your review! You can submit seller feedback here: https://t.co/YB2PRf4DAm ^DG,delivery_delay,,Customer reports a shipment arriving later than expected.,,seller_promotion,0.5077682238956042
35,@AmazonHelp One was supposed to be same day and I got refunded the extra cost of that one. The other was just regular prime shipping and delayed a day.,@513963 My team would like to personally look into this. Please send us more information here: https://t.co/ZAwCuqyfvy ^AB,return_refund,,"Explicit return, refund, replacement, or reimbursement request.",,delivery_delay,0.33567812479008446
36,"@160663 @115850 Dear Sir,
Amazone Tearms
Please , send me the duplicate bill copy of my order id- 20429178972317.",@207486 ..details as we consider them to be personal information. Our Twitter page is visible to public. ^PB (2/2),customer_service_other,,"General complaint, contact request, praise, or unclear issue.",,payment_billing,0.4538971418049653
37,@AmazonHelp 408-9273159-6369903.replacement ordered from 24th Oct.no1 contact me.Really worst courier service from Amazon,"@119353 Please don’t provide your order details, we consider them as personal information. Our Twitter page is visible to public. ^VM",return_refund,,"Explicit return, refund, replacement, or reimbursement request.",,order_status,0.4882004334844328
38,@AmazonHelp Arriving Tuesday.mean to say your routing process is not good .when FedEx can deliver you the returned product in few days why can't you?,@333333 I get your concern regarding the delivery. Packages are delivered as per the estimates and should reach you by the ^MP (1/2),return_refund,,"Explicit return, refund, replacement, or reimbursement request.",,return_refund,0.3899703647857132
39,"@AmazonHelp You guys have my phone number too, some. I’m not sure how come nobody called me back 😡","@345559 We don't have access to customer accounts through Twitter. When you have the time, please use the link ^GR provided. ^BH",customer_service_other,,"General complaint, contact request, praise, or unclear issue.",,customer_service_other,0.29755760590779534
40,@AmazonHelp Ok tq for your quick response,@688603 You're most welcome. ^CB,customer_service_other,,"General complaint, contact request, praise, or unclear issue.",,customer_service_other,0.3630858177207318
41,@117634 Why I don’t have suggestions or access to the store in my update app? Do you impose some geo limitations?,@733379 Can you tell us a little more about what you're seeing? Is the Discover tab available at the bottom of your screen? ^RA,customer_service_other,,"General complaint, contact request, praise, or unclear issue.",,technical_support,0.5179002300700812
42,"What Service Standard  @115850 @115821
Not able to deliver the product even after 12 days and refund the amount as a favour !!  Pathetic !",@175083 That's rather strange. Please report this to our support team here: https://t.co/vlvfJr4nN9 ^JC,return_refund,,"Explicit return, refund, replacement, or reimbursement request.",,delivery_delay,0.24343237045659566
43,@AmazonHelp It’s just says arriving,@133051 Has the delivery date that was provided to you in your order confirmation passed yet? ^BV,customer_service_other,,"General complaint, contact request, praise, or unclear issue.",,order_status,0.5210340899245
44,@AmazonHelp You’ve now RETURNED the item I ordered last week AGAIN as a replacement! I want a manager to call ME to sort this mess out! @232600,"@280562 Hi, I'm sorry to hear this Dee. Have you contacted us already about this? What have you been advised? ^KK",return_refund,,"Explicit return, refund, replacement, or reimbursement request.",,return_refund,0.4485111898096407
45,@115850 Don't buy anything from Amazon they failed to deliver my order and they are not refunding my money,@323500 I've shared your comment as feedback with the relevant team for review. [2/2] ^HA,return_refund,,"Explicit return, refund, replacement, or reimbursement request.",,return_refund,0.4338306807637729
46,Amazon said they were going to miss my delivery for the sims 4. Will it ever come @115821 ?,"@667906 We never intend to miss the estimated delivery date given at checkout! Were you given a reason for the delay and an updated delivery date? Please let us know, Dylan! ^FD",customer_service_other,,"General complaint, contact request, praise, or unclear issue.",,delivery_delay,0.33242943609736314
47,"@115850 #amazonpantry
1) No fixed delivery timing . 2) 5 page invoice for 19 items
You are pain for grocery customers",@401542 as a feedback to the concerned team internally to work on improvements. Do keep us posted in case of any unresolved issue. 2/2 ^KA,customer_service_other,,"General complaint, contact request, praise, or unclear issue.",,delivery_delay,0.29852830625906185
48,@115850 Did midnight come early? Don't see exchange offer for Redmi 4 or any other mobiles https://t.co/HxDHHJtiy0,@520208 Exchange options are determined by our buyback partners. Kindly refer the link: https://t.co/IX80JNQu4b for (1/2) ^MO,seller_promotion,,"Seller, pricing, promotion, offer, or shopping-related request.",,seller_promotion,0.4790103489117267
49,@AmazonHelp I've shared my concern over there. Hope to get a positive response soon.,"@170844 Thank you for confirming, we are working on it and will get back to you with an update soon. ^SI",customer_service_other,,"General complaint, contact request, praise, or unclear issue.",,customer_service_other,0.32444583690158596
50,@115850 @120602 @58058 not received 100 rs. Cashback on first recharge.,@184609 Could you please confirm if you're referring to the offer here: https://t.co/kYSqaBLIh3? ^AP,payment_billing,,"Explicit payment, charge, or billing issue.",,payment_billing,0.5418314846288539
51,@AmazonHelp This was ordered on oct. 15 and listed prime 2 day. Then changed to 23rd to 27th. Then didn't show up.,@479327 I am so sorry! Have you had a chance to reach out to us via phone or chat? You can do that here: https://t.co/hApLpMlfHN ^LS,customer_service_other,,"General complaint, contact request, praise, or unclear issue.",,delivery_delay,0.3049087564477742
52,@115830 disappointed with your #prime service ordered a book to get it on day released all day your service said it was on track to be delivered by 8pm so made sure someone was in as would be too big for letterbox only to greeted by this message tonight https://t.co/aUsHGWbvJw,"@222534 I'm so sorry for the unexpected delay on your order! Please keep us in the loop, and let us know if you haven't received it by Tuesday. ^JN",customer_service_other,,"General complaint, contact request, praise, or unclear issue.",,delivery_delay,0.2976924371106298
53,"Hey @AmazonHelp @115850  can someone from urs contact me, Just came to know an unethical event which wd cost amazon 6.5K",@549317 Please get in touch with our team using this link: https://t.co/rS49hgaADF and we'll look forward to assisting you. ^AK,customer_service_other,,"General complaint, contact request, praise, or unclear issue.",,customer_service_other,0.3076219287093469
54,@AmazonHelp to my credit card.,@119904 We've sent a correspondence to your registered email ID here: https://t.co/NTkrxpsbHJ. Kindly check and reply. ^PS,payment_billing,,"Explicit payment, charge, or billing issue.",,payment_billing,0.5687100424141734
55,@AmazonHelp All I am looking for is a the truth and not a generic answer..Will two-day prime shipping be on time on my order or will it be delayed and what is the waiting time on that order..because it seems most orders on amazon were delayed over the weekend,"@812378 We definitely want to assist you with this! Since we aren't able to view your account via Twitter, please reach out to us for further assistance here: https://t.co/hApLpMlfHN ^GP",delivery_delay,,Customer reports a shipment arriving later than expected.,,delivery_delay,0.36828164438824795
56,Anyone else have issues with Amazon Prime delivering on time? I’ve been telling my kids how much they will love it-and I’m still  waiting.,"@310708 I'm sorry if we've disappointed you, Lisa! Have we missed the estimated delivery dates given at checkout/in your e-mail? ^FD",customer_service_other,,"General complaint, contact request, praise, or unclear issue.",,delivery_delay,0.31647243190681695
57,@AmazonHelp First it was a discount. Then I was told it couldn't be replaced because it was from your global store.,@182232 I would like for a team member to investigate this for you! Please add information here: https://t.co/K4Gu7n23ly  Keep us posted!^FR,seller_promotion,,"Seller, pricing, promotion, offer, or shopping-related request.",,return_refund,0.33404277715439046
58,@AmazonHelp ordered a pair of shoes 10 days ago it cost me 2800 but now they are available for 1900 .why you charged me extra 900 https://t.co/HnZLiv5Qc1,"@756896 Pricing and offers are decision of the sellers. The constantly changing marketplace and our efforts to offer you the lowest price, may result in fluctuations in our prices over time. The price you saw was the lowest we were able to offer at the moment. 1/2 ^MK",payment_billing,,"Explicit payment, charge, or billing issue.",,seller_promotion,0.4400553826055694
59,@AmazonHelp That hasn’t helped. Just says what I’ve told you. That the delivery wasn’t completed,"@811659 Hi Sarah. When you spoke to us by phone/chat via that link, what additional advice was given? ^DC",customer_service_other,,"General complaint, contact request, praise, or unclear issue.",,delivery_missing,0.363571564169814
60,@AmazonHelp Need an update on Order Id: 403-7773395-9905160. These updates are not making any sense. Paid extra for xpress delivery as well https://t.co/bCiULhTKN0,@215321 I'm sorry for the miss. Kindly connect with us here: https://t.co/vlvfJr4nN9 and we'll sort this out. (1/2) ^GK,customer_service_other,,"General complaint, contact request, praise, or unclear issue.",,delivery_delay,0.29352817159089795
61,"@115850 why there arent any kannada videos in AmazonPrime .what should I do with my Amazon prime subscription ? 
@89922 @89923 @89924",@665448 We have responded to your concern here: https://t.co/WsUceQcny9. Request you to check. ^MP,customer_service_other,,"General complaint, contact request, praise, or unclear issue.",,seller_promotion,0.46401076010021886
62,@115850 order 408-5438761-9813923 is not delivered past 15 days and multiple followups.,@214626 That's odd. We'd like to look into it. Kindly report this to our support team here: https://t.co/vlvfJr4nN9. (1/2)^SF,customer_service_other,,"General complaint, contact request, praise, or unclear issue.",,delivery_delay,0.2871659909694783
63,@115850 i can't purshase from amazon because its cheat me,@206714 We wonder what went wrong. Could you tell us more about your concern for better assistance? ^YP,customer_service_other,,"General complaint, contact request, praise, or unclear issue.",,payment_billing,0.4329725942513243
64,@115850 could you tell me why an item on ordered list says delivered while it has not been delivered.,@507414 Sorry to know about the trouble with the delivery of the order. We'd like to help. ^AK (1/2),delivery_missing,,Customer reports a delivered/missing/not-received shipment.,,delivery_missing,0.5057311953375909
65,@115850 “Delivery refused by customer msg” Text received today even nobody call me for delivery. Customer care also given false statement https://t.co/KQAS6ELsUM,@125597 Sorry for the hassle. I’d like to assist you. Please fill this form: https://t.co/beaaDm0muc and I’ll contact you 1/2 ^NK,customer_service_other,,"General complaint, contact request, praise, or unclear issue.",,delivery_missing,0.3725819854258981
66,First time @14249 has failed me with the 2-day delivery in over 4 years. Sad 😞,@130692 Sorry to hear that. Without giving out personal info please let us know what happened? ^RS,customer_service_other,,"General complaint, contact request, praise, or unclear issue.",,delivery_delay,0.3801027410119948
67,"@AmazonHelp It says the item is fulfilled by amazon,everything reguarding returns and shipping is showing me amazon","@359525 Okay, so just to confirm, are you seeing the item being shipped by Amazon here: https://t.co/Y5jpI9gRhE ^HC",return_refund,,"Explicit return, refund, replacement, or reimbursement request.",,return_refund,0.38542121794271783
68,@115850 guys please I need your amazing echo dot...let me get my hands on it,@233299 You may find the desired result here: https://t.co/L8jb4mbhzz . ^MK,technical_support,,Explicit device/app/technical support issue.,,seller_promotion,0.460852768283826
69,@AmazonHelp What a shambles of a replacement of an order you’ve already messed up quite considerably,"@358468 This isn't at all what we intend! Please, do report this directly via phone/chat here: https://t.co/JzP7hlA23B ^JE",return_refund,,"Explicit return, refund, replacement, or reimbursement request.",,return_refund,0.3479783559058898
70,@AmazonHelp Why am I not surprised this still is unresolved,"@223690 I'm so sorry for the delayed response! I'd like to have a member of our team look into this and further investigate the available options. When you have a moment, please send us the order number and a few relevant details here: https://t.co/SIgpnOeLFS ^SB",customer_service_other,,"General complaint, contact request, praise, or unclear issue.",,customer_service_other,0.2930028156277265
71,Literally watched the delivery guy put my packages in front of my garage instead of my front door. 😡 @115821,"@455416 This isn't at all what we'd expect, I'm truly sorry to hear that this occurred! Who was the carrier? Check here: https://t.co/Y5jpI9gRhE and please let us know. ^JE",customer_service_other,,"General complaint, contact request, praise, or unclear issue.",,delivery_missing,0.42218904829921355
72,"@AmazonHelp You know what, these are all words, and you all don't value your words. Shame","@728688 For us to be able to help you, we'd request you to share your details with us. Once you share your details we'll help you ^ZH",customer_service_other,,"General complaint, contact request, praise, or unclear issue.",,customer_service_other,0.29356385169318777
73,"@AmazonHelp Yes. The one delivered to the wrong address, was dropped off at my house by the person who received it in error. The other two are MIA.",@274546 can you see order tracking on the order? https://t.co/Y5jpI9gRhE ^AS,customer_service_other,,"General complaint, contact request, praise, or unclear issue.",,delivery_missing,0.4134243187400601
74,"@115821.comIt is an international shipment!
I paid full price to buy a new kitchen aid  mixer but you sent me refurbished one? Is that work?",@215592 Did you purchase the item directly from Amazon or from a third party seller? ^KM,seller_promotion,,"Seller, pricing, promotion, offer, or shopping-related request.",,product_issue,0.5113123322700246
75,@AmazonHelp Usually my neighbour but they work as well.,"@816230 Go ahead and set the safe place so you do not have to wait around all day. Just to be sure you can also place a note somewhere if you feel it necessary, up to you. ^DJ",customer_service_other,,"General complaint, contact request, praise, or unclear issue.",,delivery_missing,0.32387689559333516
76,@AmazonHelp It started a month or so ago and have had to watch through my PS4 but I'm getting annoyed at having to keep switching to it and using my controller as a remote as it's not very good!,@141275 Have you checked with Panasonic to ensure your TV is on the latest firmware? Your TV may need an update.^GA,customer_service_other,,"General complaint, contact request, praise, or unclear issue.",,technical_support,0.5489678052758682
77,"@AmazonHelp It says ""Sold by Erlvery DaMain and Fulfilled by Amazon"".","@223995 Thank you for that information! We can't access your account via Twitter, but we would still like to help! When you have time, please reach out to us via phone or chat here: https://t.co/hApLpMlfHN We'd love to discuss what options may be available ^AR",customer_service_other,,"General complaint, contact request, praise, or unclear issue.",,seller_promotion,0.40336053577581427
78,@AmazonHelp This is the screenshot of the reply @115821 @AmazonHelp @115851 https://t.co/4RozpCzXpl,@215764 Amazon.cn is our partner web page and they operate independently . We wouldn't be able to take any action here. ^CB,customer_service_other,,"General complaint, contact request, praise, or unclear issue.",,customer_service_other,0.285028122798373
79,"45 minutes of trying to figure out how to return a gift to @115821 followed by this email.. “I cloud dispose the item in a proper way” and I won’t be charged for it! C’mon @AmazonHelp .. If anything, it is pretty hilarious. https://t.co/akHV6hiZdv","@688434 Apologies, Halie. Were you on the phone to an Agent? What was advised? Keep us updated! ^CN",payment_billing,,"Explicit payment, charge, or billing issue.",,return_refund,0.38070276119486973
80,Dear @115850 order placed on 16 October 2017 Order# 404-8234733-5479567. It is still 'preparing to Dispatch' from last week? Any insights?,"@367862 Please don't provide your order details, we consider it personal information. Our Twitter page is visible to the public. ^AK 2/2",order_status,,Customer asks about order/shipping/tracking status without a clear delay.,,order_status,0.5012093886691597
81,"@AmazonHelp @115821 @115850 3 calls to customer care and received 3 answers , but did not find the solution .Losing patience to call again","@192923 We'll try our best to resolve your concern, could you please elaborate on the issue ? ^HT",customer_service_other,,"General complaint, contact request, praise, or unclear issue.",,customer_service_other,0.2964747837984853
82,"@AmazonHelp Not helpful unfortunately. ""Parcel was handed to resident The delivery was received by: Richaed"" 14:41. I was at work... (and it's Richard)","@182451 Apologies, have you checked with neighbors and in any possible safe places? ^JJ",customer_service_other,,"General complaint, contact request, praise, or unclear issue.",,delivery_missing,0.40046775423632597
83,"Not all books are supported on all Kindle models :(
Delivery delayed of Kindle Fire today v disappointed. @AmazonHelp whats going on?",@488271 I'm sorry for this wait for your order. Did you receive a notification on a change in delivery date? ^DO,technical_support,,Explicit device/app/technical support issue.,,delivery_delay,0.29207889041592316
84,@115830 Amazon is the best 👍🏻,@738608 Thanks for your support it really does make our day when we get lovely shout outs like this. Have an awesome weekend ahead David! 😊 ^SA,customer_service_other,,"General complaint, contact request, praise, or unclear issue.",,customer_service_other,0.2920213885215661
85,"@115821 wow. just had the worst customer service ever. can no longer email customer service. instead you get to ""chat"" with unhelpful idiots","@219016 I'm sorry for the poor experience. Without sharing personal or account details, will you tell us more about what's going on? ^CL",customer_service_other,,"General complaint, contact request, praise, or unclear issue.",,customer_service_other,0.3850844215643631
86,@279583 This is encouraging to hear. If only @AmazonHelp would respond to all of my emails about my stolen package from weeks ago. 🙄,@282220 What have you been advised so far? When was the last time you contacted us about this? ^BD,customer_service_other,,"General complaint, contact request, praise, or unclear issue.",,delivery_missing,0.38101249274103877
87,"@AmazonHelp R u joking. Is this poor customer service u give. Unbelievable I have sent all correspondence on 9th to u &amp; u want me to email again,WHY???",@206187 Apologies - we can not access your account - please reply to the email you received on 9 October so we can assist ^TD,customer_service_other,,"General complaint, contact request, praise, or unclear issue.",,customer_service_other,0.3684499298094221
88,"@115850 

My refund of Lehnga Choli is not completed. yesterday
I tried to reach you through FB chat also, haven't received reply. Plz help https://t.co/f61wlsSChE",@148245 I get your concern regarding the refund of your order. We'd like to help. Kindly report it to our support team here: https://t.co/vlvfJr4nN9 and we'll have this sorted. 1/2 ^KH,return_refund,,"Explicit return, refund, replacement, or reimbursement request.",,return_refund,0.3437542699463165
89,"@115850 @115821 Despite commitment from Amazon rep to update us the status on 13th this month, no news yet. Order still not received. https://t.co/EiZMgFuEBT","@199018 Also, please don't provide your order details as its personal info. Our Twitter page is visible to the public. 2/2 ^AB",delivery_missing,,Customer reports a delivered/missing/not-received shipment.,,delivery_delay,0.23957420067519525
90,@AmazonHelp No?! They are identical! All I want is my money back!!!,@131141 We'd like a further look into this with you! Please reach us by phone or chat here: https://t.co/zYVX1Qi29G so we can help! ^KJ,return_refund,,"Explicit return, refund, replacement, or reimbursement request.",,return_refund,0.47480629956449616
91,"Dear @115850 please choose better courier than
@120169 Tracking details showing out for delivery
from last day order 408-0342057-9912314",@258591 Apologies for any inconvenience. Orders placed with us will be basically delivered as per the estimates shared. 1/2 ^AB,order_status,,Customer asks about order/shipping/tracking status without a clear delay.,,delivery_delay,0.2821155469042741
92,"@AmazonHelp Dear @AmazonHelp, I am going to install the product ( as it is very delayed now☹️) and send you the charges for the same. Kindly reimburse the balance in form of amazon pay balance.  Thank you.","@132737 I understand your concern regarding the installation of your product. Twitter being a social platform, we do not have access to your account. As informed earlier, kindly reply to the email you received from social media team for further assistance. ^MO",payment_billing,,"Explicit payment, charge, or billing issue.",,return_refund,0.3585023009526791
93,@AmazonHelp I wasn’t. Do you think that any of this is good customer service?,@128425 We certainly understand your frustration! Please reach back out using the link previously given so this can be escalated. ^HC,customer_service_other,,"General complaint, contact request, praise, or unclear issue.",,customer_service_other,0.38310469141391834
94,@AmazonHelp Not yet shipped but email from May says November 14th https://t.co/8JA9pgwnTJ,"@158445 We don't suggest posting account sensitive information on social forums. However, please allow the order time to arrive on the date expected. Let us know if you need further assistance! ^QJ",order_status,,Customer asks about order/shipping/tracking status without a clear delay.,,order_status,0.5952501261615257
95,@AmazonHelp My Pls Cal me on my Cell No you Customer Care is Not Connecting to Person,@353238 'call me in 5 minutes' we'll be glad to help. (3/3) ^KA,customer_service_other,,"General complaint, contact request, praise, or unclear issue.",,customer_service_other,0.334531686590906
96,"@AmazonHelp It was ordered on Monday, “guaranteed delivery by Wednesday” https://t.co/QsRtcI0RDS",@671805 It's never our intention for this to happen! Please let us know if you don't receive your item by Saturday. ^KP,customer_service_other,,"General complaint, contact request, praise, or unclear issue.",,delivery_delay,0.32024839448050285
97,"@AmazonHelp Email sent.. sorry it's harsh, but this is incredibly frustrating.",@240459 More than understandable. ^TL,customer_service_other,,"General complaint, contact request, praise, or unclear issue.",,customer_service_other,0.2702844632563835
98,So according to the @115830 app @116324 tried to deliver my parcel today but I have been in all day and there has been no one at the door and no delivery slip posted! Where was my parcel allegedly delivered to?! Hmm... #disappointed,@677429 I'm sorry to hear about this. It could be an incorrect scan on the part of the carrier and still be on the way to you today. Can you keep us updated on the delivery? ^MI,customer_service_other,,"General complaint, contact request, praise, or unclear issue.",,delivery_missing,0.47914864292162757
99,"@AmazonHelp Thankyou, I have sent an email","@186829 Thank you for the update, Chloe! Let us know if you have any other questions or concerns. ^AL",customer_service_other,,"General complaint, contact request, praise, or unclear issue.",,customer_service_other,0.365044200619345
100,@AmazonHelp They basically ordered me a new cover but said they couldn't apply a promotion to the postage costs so therefore they would refund the postage costs back into my bank account and now they won't?,@665469 Did we explain why we can not refund. Just to clarify - does the order advise that there was a postage charge ? ^TD,return_refund,,"Explicit return, refund, replacement, or reimbursement request.",,return_refund,0.3799657227665791
101,"@115850 If the prime member also has to wait for delivery for 6 days then ,what is the true use of prime member ?? So sad https://t.co/myUpRKGR3X","@144977 I’m sorry about this experience, Arun. Please report this to our support team here: https://t.co/TdDksLo6Mf and we'll look into this. Please don't provide your details, we consider it personal information. Our Twitter page is visible to public. ^MK",customer_service_other,,"General complaint, contact request, praise, or unclear issue.",,delivery_delay,0.35740548397973076
102,@115851 your @115850 ECR team is not ready to help. Will you be able to?,@421452 The resolution provided by our specialist team is the best we can offer at this moment. Appreciate your understanding. ^VN,customer_service_other,,"General complaint, contact request, praise, or unclear issue.",,customer_service_other,0.30863756786470803
103,@AmazonHelp No sorry ... what about you reaching out to me and trying to resolve it !!! Oh look just had another attempt !!! And I’m still in my house 🙌🏻😩🙋🏼 cheers https://t.co/l3iC1UAkvv,"@131044 I appreciate that this must be frustrating for you, however we are unable to view account details via Twitter. Please contact us via the link ^RS provided and we'll look into this for you. ^KI",customer_service_other,,"General complaint, contact request, praise, or unclear issue.",,delivery_missing,0.35071531835653896
104,@AmazonHelp REFUND.. it's on mail ...,@169199 We'd like to look into this. Please reach us by reverting the email from Social Media Specialist. ^HA,return_refund,,"Explicit return, refund, replacement, or reimbursement request.",,return_refund,0.461676649050231
105,@AmazonHelp WORST customer service by phone: representative can barely speak or understand English,@529049 I'm sorry to hear you had a poor experience. Without giving account or order details can you tell us your reason for contact and more about what happened? ^AN,customer_service_other,,"General complaint, contact request, praise, or unclear issue.",,customer_service_other,0.3598516218812351
106,@115830 Please can you tell me the email address for customer services?,@727532 You can contact us here: https://t.co/qy3J25dhoJ ^AF,customer_service_other,,"General complaint, contact request, praise, or unclear issue.",,customer_service_other,0.40872002472736113
107,Should stay away from @115830 after night shifts I make unwise shopping decision when tired,@294617 Unwise or..... exciting? :) ^NV,customer_service_other,,"General complaint, contact request, praise, or unclear issue.",,customer_service_other,0.23774314123144605
108,"Hi @115821 , I have a $419.00 birthday present I purchased for someone that has not been delivered. Either @115817 agents or urs lied about 1/x","@200265 I'm sorry your order hasn't been delivered. To confirm, what's the latest tracking scan show: https://t.co/ErDEARsXkH? ^CL",customer_service_other,,"General complaint, contact request, praise, or unclear issue.",,delivery_missing,0.4057899640653764
109,@115850 Please ask CloudTail to bring back Tata Coffee Grand!!! Have been purchasing it from you for more than a year!! https://t.co/XPYgxc0hBm,@313538 I will ensure that your feedback is passed on to the appropriate team internally. Please stay tuned. ^NK,customer_service_other,,"General complaint, contact request, praise, or unclear issue.",,seller_promotion,0.4452966402893264
110,@AmazonHelp Received this. Keep trying to change my password but it keeps saying it's incorrect https://t.co/JSELW7TJdH,"@418466 Hey Connor, for further assistance, please contact the number listed in the email. ^SY",account_access,,Explicit account access/security issue.,,account_access,0.5428445045933433
111,Waiting for your poor response well If you are solving the problems then it should be happy moment for me @115850 @AmazonHelp #Amazon https://t.co/m9xZXHHUuU,"@426486 Certainly, our team will get back to you with an update. Once we do, you may check it here: https://t.co/8DAc119Io4 ^RS",customer_service_other,,"General complaint, contact request, praise, or unclear issue.",,customer_service_other,0.2774735291458986
112,"@AmazonHelp i have just now, the issue was resolved thank you for the fast response.",@423730 We're always happy to help! Let us know if you have any other questions or concerns. 😊 ^ML,customer_service_other,,"General complaint, contact request, praise, or unclear issue.",,customer_service_other,0.38725165623581514
113,@AmazonHelp I lost my kindle while traveling in Sri Lanka. Can I remotely deactivate it? Can I get a new one here? I want to read 🙂,@361607 I'm sorry your Kindle was lost! We'd like to look into available options with you here: https://t.co/JzP7hlA23B ^VS,technical_support,,Explicit device/app/technical support issue.,,account_access,0.5795181972828065
114,@115850 I purchased a power bank (Order# 403-8468350-7547550) on 5 Oct but still not yet shipped. registered various complaints (1/2),"@405683 Please don't provide your order details, we consider it personal information. Our Twitter page is visible to public. ^HA",order_status,,Customer asks about order/shipping/tracking status without a clear delay.,,order_status,0.5257125143447227
115,@AmazonHelp I need a credit card?,"@189990 You will need a credit or debit card, to sign-up for our Prime membership.  ^AG",payment_billing,,"Explicit payment, charge, or billing issue.",,payment_billing,0.5709318626380003
116,@119862 @115850 @3021 @115850 @119862 @3021 does anyone care. Should I keep waiting depending on your convenience.,@148240 Request you to please provide your details in the link shared earlier so we can help to sort this for you. ^SF,customer_service_other,,"General complaint, contact request, praise, or unclear issue.",,customer_service_other,0.24791885573971878
117,@115821 @AmazonHelp  services is very poor no-one call me or no mailed after 3 complaints. @118702 @4030 @4167 @14281 is better. https://t.co/jSM8X2MisM,@308003 Sorry for the trouble with the delivery of the order. Please share your details here: https://t.co/JzRdscmdH9 ^AK (1/2),customer_service_other,,"General complaint, contact request, praise, or unclear issue.",,customer_service_other,0.2919722996779457
118,"@AmazonHelp What kind of time waiste option is this, can't u check order details with this tracking ID, Such a poor support, not expected from amazon",@325645 clicking on the link mentioned above.(2/2)^GD,order_status,,Customer asks about order/shipping/tracking status without a clear delay.,,order_status,0.47366041503240575
119,"@AmazonHelp Hi - They worked fine at first, and then the remote has broken (i think) as it keeps pausing my music, skipping songs etc. 1/2",@523483 Can you contact us here: https://t.co/JzP7hlA23B? ^MC,product_issue,,"Explicit product condition, correctness, or completeness issue.",,technical_support,0.5404302156177057
120,Hi @AmazonHelp My order from Sept 5th never arrived.  I have been in NUMEROUS emails with you &amp; still no delivery and now no communication,"@390329 I'm sorry for the poor experience! To clarify, have we missed the delivery date promised in your confirmation e-mail? ^AB",delivery_missing,,Customer reports a delivered/missing/not-received shipment.,,delivery_delay,0.29181707916346267
121,@AmazonHelp I have already replied many times they are not giving right feedback. @115850 all ready wated my time as well as money wrost service plz return my money,"@144968 Could you confirm receiving a correspondence from our social media team? If not, kindly share your details here: https://t.co/beaaDm0muc and I'll contact you soon. ^GK",return_refund,,"Explicit return, refund, replacement, or reimbursement request.",,return_refund,0.2368980473431196
122,@AmazonHelp Its almost 5o times.i have written dere to ur given link. But nothing happened. I knw m just doing ur timepass. U peoples r not bothered,@416804 Kindly reply to the same for further assistance. (2/2) ^MO,customer_service_other,,"General complaint, contact request, praise, or unclear issue.",,customer_service_other,0.24733137288028706
123,"@227106 @115850 @AmazonHelp Amazon Pay Order ID #P04-5604862-8562487
#P04-5604862-8562487
still refund not reflect 10 days gone 1/2",@442559 That's strange. Let me investigate this further. Please drop your details here: https://t.co/qG14tD9K4l (1/2) ^VM,return_refund,,"Explicit return, refund, replacement, or reimbursement request.",,return_refund,0.38621733686087767
124,@AmazonHelp Just sent an email regarding this. Thank you!,@527820 You're welcome! Please let us know if there's anything else we can help you with from here. ^HC,customer_service_other,,"General complaint, contact request, praise, or unclear issue.",,customer_service_other,0.37210594394547214
125,"Pretty sure this is a scam/phishing email, and the link doesn't go to the Amazon website @115821 https://t.co/f96n9rDW6L","@618719 Hi, you can visit the website here: https://t.co/yA5zWePbHS to check that you can log in without issue. ^TS",customer_service_other,,"General complaint, contact request, praise, or unclear issue.",,account_access,0.5358904154442427
126,@AmazonHelp I need your help. My order's not been delivered since 12th October. My cats are getting uneasy.(becoz I ordered cat litter),@376054 Sorry to know about the delay with the order. Please connect with us here: https://t.co/00q4Sqj9zL we'll have this checked.^KA,customer_service_other,,"General complaint, contact request, praise, or unclear issue.",,delivery_delay,0.22345685818345282
127,Why tell me 45 mins after scheduled delivery time that you apologise and it won’t be delivered until the 10th... why pay for prime? So frustrated and so inconvenient!!! @115830,"@628442 I'm sorry for the frustration! Unforeseen circumstances may cause delays. If it doesn't arrive by the 10th, let us know. ^SJ",customer_service_other,,"General complaint, contact request, praise, or unclear issue.",,delivery_delay,0.39177300913176116
128,@AmazonHelp Give me a perfect time that when my problem ll solved @115850,"@179062 We regret for the trail with your concern, revert to our correspondence &amp; we'll get back to you with updates. ^MJ",customer_service_other,,"General complaint, contact request, praise, or unclear issue.",,customer_service_other,0.2769635434760581
129,@AmazonHelp After contacting the seller and @AmazonHelp they want me to “buy a label” to return the item for 38% it’s value. #crazy 😡,@185879 This isn't what we expect! Have you explored the option of filing an A-to-z claim? Learn how: https://t.co/f4pIh8vn7c ^JE,return_refund,,"Explicit return, refund, replacement, or reimbursement request.",,return_refund,0.43793188911731173
130,"@AmazonHelp Okay, my apologies for that. I've done the needful! Please call me ASAP!",@579979 Thank you for sharing your details. We'll look into it and reach out to you soon. ^AP,customer_service_other,,"General complaint, contact request, praise, or unclear issue.",,customer_service_other,0.2901367987722065
131,@115850 #recharged jio #first ever recharge #worth 399 # didn't get cashback of 100 so far back to amazon pay #order 171-3643943-3949921,@517154 information. Our Twitter page is public.​ 3/3 ^NK,payment_billing,,"Explicit payment, charge, or billing issue.",,payment_billing,0.5764520391696311
132,@AmazonHelp I don't want your sorry. I want my money back which I paid for a service which you are unable to provide.,@405401 Sorry for the trouble with your order. Please contact us here: https://t.co/vlvfJr4nN9 and we'll help you with this. ^SQ,payment_billing,,"Explicit payment, charge, or billing issue.",,return_refund,0.41434950724247877
133,"@AmazonHelp Carrier: AMZL US, Tracking #: TBA509892981000",@436425 Thanks for confirming! We'd like to look further into this. Please provide your details here: https://t.co/qcLFa2IKWB ^WJ,order_status,,Customer asks about order/shipping/tracking status without a clear delay.,,order_status,0.5233960889532114
134,@AmazonHelp is it a bad thing that I actually am no longer surprised when I have shipping problems with you? *sigh*,@218111 This isn't what we like to hear and we'd love to assist if we can! Are you seeing issues with a current order? ^KN,customer_service_other,,"General complaint, contact request, praise, or unclear issue.",,delivery_delay,0.23913640475304926
135,Order from @115821.com on Wednesday. Chose 2 day shipping. Package arriving on Sunday. Day 1 Thursday. Day 2 Friday. Day 3 Saturday. Day 4 Sunday. 🤔 Anyone else think Amazon Prime is slacking lately? #dontneeditthatbad #firstworldprobs,"@235326 I'm sorry for the wait! Some items need additional processing time. Two-Day Shipping refers to an item's transit time, in business days, once shipped. We have more information listed here: https://t.co/3hcgMmPQeW ^RA",delivery_delay,,Customer reports a shipment arriving later than expected.,,delivery_delay,0.361235800638069
136,"@AmazonHelp I am not able to contact ur customer service, call gets disconnected","@584440 Apologies, Alok. Please reach out to us via chat or email alternatively so that we can assist you further. ^NK",customer_service_other,,"General complaint, contact request, praise, or unclear issue.",,customer_service_other,0.4707587132026495
137,@AmazonHelp Defective product https://t.co/V57dd68EEH,"@206653 Rakesh, as mentioned earlier, please share the details via the link provided earlier and we'll reach out to you. ^MS",product_issue,,"Explicit product condition, correctness, or completeness issue.",,product_issue,0.6324235550984877
138,@AmazonHelp That is because my wife and I have wildly different buying habits it would be easier,"@367516 Makes sense. We've forwarded your feedback to the relevant team for a review, which helps us improve customer experience. ^RS",customer_service_other,,"General complaint, contact request, praise, or unclear issue.",,account_access,0.550319415509564
139,"@AmazonHelp Hi, no I haven’t. The only email I have received is the one confirming payment when I first ordered! I’ve received no more emails 😫","@650801 If you don't see the e-mail in the spam/junk folders, please contact us here: https://t.co/FJPLs4NNcp ^LI",payment_billing,,"Explicit payment, charge, or billing issue.",,order_status,0.43587943111692445
140,@AmazonHelp How much more time will you all take ????,@186439 Please fill in your details using the link: https://t.co/JzRdscmdH9 and I'll get in touch with you soon. ^AK (2/2),customer_service_other,,"General complaint, contact request, praise, or unclear issue.",,customer_service_other,0.3038802641229892
141,"@AmazonHelp Why do I pay for Prime with 2-day shipping, and then order something and it tells me it will be 6 days?","@237243 I'm sorry for the trouble! Prime Two-Day shipping refers to the transit time, in business days, once the item has shipped: https://t.co/x6DaIpAB5H. Have we missed the delivery date provided at checkout on a recent order? ^VB",customer_service_other,,"General complaint, contact request, praise, or unclear issue.",,delivery_delay,0.3798571249517904
142,@AmazonHelp It's shipped,@167117 Please reach out to us here so we can look into other options with you: https://t.co/hApLpMlfHN ^JZ,order_status,,Customer asks about order/shipping/tracking status without a clear delay.,,order_status,0.6297746092030476
143,Again my pickup has cancelled. Good job @AmazonHelp @149473 from last 18 days you're doing amazing job.,@219482 I'm sorry it is taking longer than expected. Kindly reply to the email received from us and we shall get back to you. ^SH,customer_service_other,,"General complaint, contact request, praise, or unclear issue.",,return_refund,0.36992376248344344
144,@115830 Yet again JMHC fail to deliver my parcel yet claim they attempted to at 6:28pm! Why do I pay for Prime when orders never reach me?,@129371 Let's talk baout this in real time. Please call or chat with us here: https://t.co/cUH0Os614x ^BA,customer_service_other,,"General complaint, contact request, praise, or unclear issue.",,delivery_delay,0.33667881010427975
145,@120474 Hi guys can you follow me so I can DM?,"@751704 Hi Kat, you can get in touch with us here: https://t.co/oy5GkfC8pF ^RS",customer_service_other,,"General complaint, contact request, praise, or unclear issue.",,customer_service_other,0.28009511995247366
146,@AmazonHelp 9 times now. Advised 5 separate delivery times. One agent fell asleep while talking to me which was strange. When will my package arrive?,"@211912 Hey, Chris! My team would like to investigate with you. Could you please provide more details here: https://t.co/9ScDoUsrsp ^AJ",customer_service_other,,"General complaint, contact request, praise, or unclear issue.",,delivery_delay,0.32092893585316284
147,@AmazonHelp concern is executives initiated refund Thrice but I dint got amount.Please make sure it’s been credited soon with no 24-48 hrs waiting Mail,@274951 Sorry for the trouble you have had with regards to your refund. Please fill in the details 1/2 ^HS,return_refund,,"Explicit return, refund, replacement, or reimbursement request.",,return_refund,0.3803426368948329
148,@AmazonHelp Am I getting my money back anytime soon?,@181741 and we'll be glad to help you. (2/2) ^SI,return_refund,,"Explicit return, refund, replacement, or reimbursement request.",,return_refund,0.4453452656807521
149,@115850 scam on name of Diwali.... added taxes plus deliver etc and products are more thn mrp lol 😂 well played,@482895 The MRP of the product delivered might differ from the MRP mentioned on the website. This could happen owing to (1/2) ^KA,customer_service_other,,"General complaint, contact request, praise, or unclear issue.",,payment_billing,0.4451241232024059
150,@AmazonHelp The associate already told me I selected two-day shipping; wasn’t too much help after that,@208621 Had you intended to place the order with a more expedited form of shipping? ^MJ,customer_service_other,,"General complaint, contact request, praise, or unclear issue.",,delivery_delay,0.2914223755974387
151,"@AmazonHelp I would like to raise a serious complaint regarding my account and my failed order, 3rd time now and I find it disgusting","@434624 I'm sorry for the order trouble, Craig! Without including personal/account information, could you tell us more? ^SD",customer_service_other,,"General complaint, contact request, praise, or unclear issue.",,account_access,0.6039165518104134
152,"@115850 Ordered iPhone7 15 days ago.Shows delivered but I haven't received. 2 rounds of ""investigation"" and still no update.Pathetic!",@199418 I'm sorry you've not received the order. We'd like to look into it and help you. Kindly fill in your details (1/2)^AP,delivery_missing,,Customer reports a delivered/missing/not-received shipment.,,delivery_missing,0.40028875263403346
153,@AmazonHelp @115850 @115851 Return is intentionally not being picked up for last 5-7 days. Order 404-7148114-1043526.,"@120778 here: https://t.co/TBQTJBjKqa &amp; we'll assist you. Please don't provide your order details, 2/3 ^AH",return_refund,,"Explicit return, refund, replacement, or reimbursement request.",,return_refund,0.42289951843520907
154,@115850 ordered a book on the website. Not yet delivered and seller not responding. Please help,"@369659 Has the delivery date been missed? If yes, please report this to our support team here: https://t.co/vlvfJr4nN9. ^HA",seller_promotion,,"Seller, pricing, promotion, offer, or shopping-related request.",,delivery_delay,0.2401359037333918
155,"@118919  Ordered an Honor 8 from Amazon Prime and received a burned damaged crappy 1200 Nokia phone, a Rin Soap and a Life Boy soap. This is an experience that we never expected from a renowned company.  #badservice #amazon  9/11/17 #iwantmymoneyback https://t.co/XFukkBFBFz",@670232 I apologize that you have received a different product from what was ordered. Could you please confirm if you have reported this to our support team here: https://t.co/rS49hgaADF? ^VH,product_issue,,"Explicit product condition, correctness, or completeness issue.",,product_issue,0.5677372445856228
156,"@AmazonHelp Sent, what do I do now?",@451681 A member of our team will look over the information you provided and your account.  ^TR,customer_service_other,,"General complaint, contact request, praise, or unclear issue.",,customer_service_other,0.2929105142500702
157,Yo @AmazonHelp why has it taken an extra two days for my packages to not arrive yet and I haven’t been updated on their whereabouts.,@818381 Oh no! I'm so sorry for the wait. What was the original delivery date? This was sent to your order confirmation e-mail: https://t.co/3C5GYE8icr. ^LH,customer_service_other,,"General complaint, contact request, praise, or unclear issue.",,delivery_delay,0.2676937859633785
158,"@AmazonHelp Yes, I've just looked and it's now saying it won't be delivered until Tuesday. As I work full time that's no good at all. Can I cancel?","@257147 You're not able to cancel an order after it ships, but you can set up a Safe Place for us to leave your parcel while you're away here: https://t.co/MP0iyDYipP I hope this helps! ^ZW",customer_service_other,,"General complaint, contact request, praise, or unclear issue.",,delivery_delay,0.29371118482804354
159,"@AmazonHelp Hi, how long does is it usually take for someone to call you?","@161035 Hi, we sent you an email today, 9 November 2017 at 10:44, did you get the email? ^JJ",customer_service_other,,"General complaint, contact request, praise, or unclear issue.",,customer_service_other,0.277462478181413
160,"@115821 I hustle down to the mailroom with nothing but myself to find no bed in the mailroom. No problem, Amazon fell short on promises.",@344190 1/2 I'm sorry to hear we've disappointed you! This isn't the service we strive for. What was the delivery date given in,customer_service_other,,"General complaint, contact request, praise, or unclear issue.",,delivery_missing,0.29204451652033137
161,"@AmazonHelp Not impressed with the poor standard of packaging on my order, see image, if this happens again I will cancel my Prime membership and never order from Amazon again https://t.co/XgNlxKogUL",@135301 Thank you for reaching out to us. Was the book you ordered damaged in transit to you? ^GR,customer_service_other,,"General complaint, contact request, praise, or unclear issue.",,product_issue,0.5294628068395025
162,Dear @115821 some of the worst ever customer service today. after costing me money ya'll apologized with a insignificant $5 credit. #amazon,"@204543 I'm sorry for the poor experience! Typically, after speaking with us, an e-mail is sent with a survey. Once these are (1/2)",customer_service_other,,"General complaint, contact request, praise, or unclear issue.",,customer_service_other,0.29761141713188277
163,@AmazonHelp Very bad service you didn't receive my reply on email n the link that I already send the quirey...,"@431099 I am sorry about that, We will get in touch with you soon. ^MD",customer_service_other,,"General complaint, contact request, praise, or unclear issue.",,customer_service_other,0.31402041603770636
164,@AmazonHelp everything I'm wanting to order on one day delivery won't be delivered until Monday. Why?,"@150752 I am sorry to hear this. We strive to offer you the best Black Friday Sales and Cyber Week Deals. During this time, deliveries may take slightly longer than usual. Please check the delivery date at checkout which provides our most accurate estimated delivery date.^GA",customer_service_other,,"General complaint, contact request, praise, or unclear issue.",,delivery_delay,0.416662438306815
165,"Most of my Amazon Echo @115833 Flash Briefing is just silence tonight. Not all, but most of it. Anyone else? #flashbriefing @41523",@238583 Oh no! Which device is this occurring on: https://t.co/iGmtNW1ZbE? ^GG,technical_support,,Explicit device/app/technical support issue.,,technical_support,0.4916046757228814
166,@115850 Your seller will refund only if I give a good review . Is this a amazon policy ?? Plz deal with such fraud seller,"@496194 That is unusual, Anish. Did you try reaching out to us via: https://t.co/tBtfndUCho in regard to this ? ^KS",return_refund,,"Explicit return, refund, replacement, or reimbursement request.",,seller_promotion,0.4749281328024392
167,Hey @115850 how dare you to pack a defective product and send it look at the video https://t.co/EmtQHgdgVZ,@429583 Truly sorry about the experience you had. Please report this here: https://t.co/vlvfJr4nN9 and we’ll be glad to help you. ^NK,product_issue,,"Explicit product condition, correctness, or completeness issue.",,product_issue,0.6170478105751335
168,"@AmazonHelp Yes. Orig del. date 10/29. Status of ""out for delivery"" &amp; ""will arrive by 8 pm"" since 10/30. Can't get a straight answer.","@118090 Thanks, what information were you given? ^AS",customer_service_other,,"General complaint, contact request, praise, or unclear issue.",,delivery_delay,0.3707194342781695
169,@119625 When will Amazon Prime Video App will came on Android TV.,"@390139 I'm sorry, we do not have an announcement yet. Kindly stay tuned for more updates! ^EM",technical_support,,Explicit device/app/technical support issue.,,technical_support,0.5335458523959588
170,"@AmazonHelp 1st time told arrive weds, 2nd time told arrive thurs, now Friday and no parcel and no update. I need the item today","@129582 Thanks for confirming, Laura. Parcels can arrive up to 21:00 on the day of the expected re-delivery. Please keep us posted! ^SD",customer_service_other,,"General complaint, contact request, praise, or unclear issue.",,delivery_delay,0.35700019783398795
171,"@Amazonhelp Who told you Yodel was a decent courier?

You can't meet Prime delivery dates when using the most incompetent company out there!","@552087 Hi, sorry to hear this! If your order is late, please get in touch with us here: https://t.co/JzP7hlA23B ^RL",customer_service_other,,"General complaint, contact request, praise, or unclear issue.",,delivery_delay,0.3172425819316227
172,"@115850.
I bought a product from amazon.in but yet not replaced.",@351225 Could you please let us know more about what went wrong? We'll definitely look into it. ^PS,customer_service_other,,"General complaint, contact request, praise, or unclear issue.",,return_refund,0.36384631148601654
173,@AmazonHelp I've contacted them. They've started an investigation.,@288990 Did we mention following back up with you once the investigation is completed? ^KP,customer_service_other,,"General complaint, contact request, praise, or unclear issue.",,customer_service_other,0.3361757402494921
174,@117634 My FireHD8 has spontaneously deregistered 3x in 24hrs &amp; now has lost all of my books. Customer support blames me for not backing it all up on a pc now that I need factory reset.. Don't sell devices if you need a 2nd device to ensure it'll work!,"@412235 I'm so sorry for this poor experience, Krista. This isn't how we strive to provide service to our customers. When you spoke to us, were there any options provided for recovery? ^HS",customer_service_other,,"General complaint, contact request, praise, or unclear issue.",,technical_support,0.5220222574645836
175,"About 2/3 times I order something with Amazon Prime One Day delivery, it gets marked delivered and I never get my order @AmazonHelp",@702443 This isn't the service we strive for! Are you seeing recurring issues with a certain carrier: https://t.co/Y5jpI9gRhE ^KN,delivery_missing,,Customer reports a delivered/missing/not-received shipment.,,delivery_missing,0.432233707610073
176,@AmazonHelp Yeah now they tell me the package is lost.,@140014 I can certainly understand any disappointment. We're happy to look into available options here: https://t.co/hApLpMlfHN ^LI,customer_service_other,,"General complaint, contact request, praise, or unclear issue.",,delivery_missing,0.38330635968816373
177,@AmazonHelp my order came today and is missing a cd that I ordered in it,@320062 Sorry to hear that. Have you tried getting in touch with us here: https://t.co/JzP7hlA23B. ^BM,customer_service_other,,"General complaint, contact request, praise, or unclear issue.",,product_issue,0.5190760750074166
178,@AmazonHelp first time using amazon prime for next day delivery and the item didn’t arrive 🙄🙄,@632338 Sorry to hear your order didn't arrive. Is there any update on the delay in the tracking? : https://t.co/aaDyEz1VgE ^ES,customer_service_other,,"General complaint, contact request, praise, or unclear issue.",,delivery_delay,0.4482625945281321
179,@115821 Refund processed via gift balance to let me order the better item. Item does not ship to Australia. Gift balance is now gone. Wtf,"@272845 When you spoke to us last, what info or options were we able to provide for you? ^CL",payment_billing,,"Explicit payment, charge, or billing issue.",,return_refund,0.41868027999025187
180,"Where are the winners of 4 th to 8th oct, Recharge on Amazon with pay balance and win iPhone 8 ? @115850",@348597 We'd like to check this out. Could you please share the link of the contest you're referring about? ^VM,payment_billing,,"Explicit payment, charge, or billing issue.",,seller_promotion,0.4717488433260573
181,@AmazonHelp yep and no doubt you've many complaints from others in this business space but it's been a few weeks now and you are still using this delivery person so nothing has changed.. after years of no issues it's a big problem for companies that use you many times daily like we do,@281023 Do you have a current pending order we can help you with? ^MI,customer_service_other,,"General complaint, contact request, praise, or unclear issue.",,delivery_delay,0.2735492758968837
182,@AmazonHelp Ok thanks can u dispatch it today tho if u can please,@296489 I'm afraid we don't have access to account details here on Twitter. ^KM,order_status,,Customer asks about order/shipping/tracking status without a clear delay.,,order_status,0.47013628473877295
183,@115850 it's been 8 days. What's wrong? I have requested for 3 times. This is very disappointing. https://t.co/nUcBOC4Mhx,@643224 Sorry about the delay with the return. Please connect with us here: https://t.co/9mwpIdOzZn and we'll get this sorted out. ^MS,customer_service_other,,"General complaint, contact request, praise, or unclear issue.",,return_refund,0.3269304476490679
184,@116935 @328645 @285513 It’s rubbish: my #Echo responds with “The playlist Sad Songs For Rainy Days from Amazon Music”. Seriously thinking of returning stupid tube!,"@328644 I'm sorry the Echo isn't answering correctly! If you're still having trouble, please try these steps: https://t.co/sVqhEvICeo ^SJ",technical_support,,Explicit device/app/technical support issue.,,technical_support,0.4872298965023014
185,Idk who has the worst customer service @5268 or @115821 but I’m def. over them both over today .,@397063 Oh no! Sorry to hear we've not met your expectations. Mind telling us what's going on? We'd love to help! ^KL,customer_service_other,,"General complaint, contact request, praise, or unclear issue.",,customer_service_other,0.31948477193502806
186,"@118919 Highly dissatisfied with your delivery Amazon. I have raised my concerns over the past few months with respect to this. The last three days have been particularly annoying. Congratulations, you have now lost my family as customers.",@311194 Sorry for the issues with the delivery of your orders. Please share your details (1/2) ^HD,customer_service_other,,"General complaint, contact request, praise, or unclear issue.",,delivery_delay,0.26564361708832696
187,Why can't I pre order @132338 @130626 on @115821 app the @115786 one isn't showing up #Wrestling #2K18 #XBoxOne,"@167985 Thanks for reaching out! Looks like it is currently unavailable, but you can sign up to be e-mailed once it's back up. ^GG",customer_service_other,,"General complaint, contact request, praise, or unclear issue.",,seller_promotion,0.46986475752999585
188,@AmazonHelp @115821 what's the point of having prime if the guaranteed 2-day delivery actually means 3 or more.,@489261 Two-Day Shipping is the transit time of the order once it has shipped. You can learn more here: https://t.co/XpPY6U11wW ^RM,customer_service_other,,"General complaint, contact request, praise, or unclear issue.",,delivery_delay,0.3709148974827795
189,@115821 You really need to add a split payment option.,"@696644 We can help with this using Amazon gift cards! You can place an order with one credit/debit card and purchase an Amazon gift card for the remaining balance on the second credit/debit card. For more info, visit us here: https://t.co/1PM68cygke ^TK",payment_billing,,"Explicit payment, charge, or billing issue.",,payment_billing,0.5361515400144946
190,@115821 my pick up of phone has not taken since 3 days and always  customer services replied that it has been escalated __email__,"@354046 Sorry to hear that, what Amazon website is your account on? https://t.co/Znefn5I14N? ^JJ",delivery_delay,,Customer reports a shipment arriving later than expected.,,return_refund,0.3246618172828925
191,@AmazonHelp It’s fine but a warning/reminder email about the yearly renewal would be nice.,"@193547 We have a way to set up a reminder before your Prime membership renews. You can turn on that feature here: https://t.co/qYUwzPEUzM Once set up, you will receive an e-mail three days before your membership is set to renew. Let us know if you need anything else! ^DA",customer_service_other,,"General complaint, contact request, praise, or unclear issue.",,payment_billing,0.41579287992189784
192,"@115850 Order number 405-5511946-9020326, booked for Hornbull Men's Brown Wallet and Belt Combo, but image is showing something different https://t.co/TF4vgFtH4l",@484010 Please don’t provide your details here as we consider them to be personal information. Our page is visible to public. ^GS,customer_service_other,,"General complaint, contact request, praise, or unclear issue.",,product_issue,0.559053360984014
193,@403032 I have shared all the details u asked for. No one has contacted me yet. Please update. I am really fed up with this. @115850 @AmazonHelp,"@391454 Sorry for the delay. I'm afraid we haven't received your details yet, please fill your details in the link provided earlier. ^GU",customer_service_other,,"General complaint, contact request, praise, or unclear issue.",,customer_service_other,0.2948571327430667
194,@AmazonHelp Do u think that 500 in gift is all what I am looking for? I don't do this to get the gift card...it's shameless guys...ur logistics sucks,@120701 Kindly reply to the email correspondence that you received from us for assistance on this. I'll be sure to pass on your feedback to the concerned team internally. ^AU,payment_billing,,"Explicit payment, charge, or billing issue.",,customer_service_other,0.27141195483311487
195,@AmazonHelp hi I’m an Amazon prime uk customer and my account says my order has been delivered but it hasn’t! Can you please help?,"@702087 Hi! Sorry to hear that. Have you tried these steps: https://t.co/vmpyo6XUg2? We're here to help, Luke! ^AB",delivery_missing,,Customer reports a delivered/missing/not-received shipment.,,delivery_missing,0.39299713705445416
196,@AmazonHelp I returned jeans on 3 OCt.but stil I haven't receive my money back.It's very disapointing.l After sale u want to return my money,@305265 and we'll look into this for you. (2/2) ^VM,return_refund,,"Explicit return, refund, replacement, or reimbursement request.",,return_refund,0.5560370980185038
197,@AmazonHelp Yeah u guys were sleeping for 7 days . No commitment towards ur cust whatsoever.What's d point of so many adv if ur delivery syst is nt good,@340085 I get your disappointment and I'm sorry about the stretch. We'll be sure to get back to you at the earliest. ^HA,customer_service_other,,"General complaint, contact request, praise, or unclear issue.",,delivery_delay,0.30143261307289754
198,Not sure how one day delivery works from @115830 when it’s not even dispatched yet #doigetarefund #itsabitlate https://t.co/nOYpanOYA0,@379752 One-Day Delivery refers to the transit time once the item ships. Some items may be unavailable to ship immediately. (1/2) ^SA,return_refund,,"Explicit return, refund, replacement, or reimbursement request.",,delivery_delay,0.31788462712427473
199,When did @115821 prime 2 day turn to 4 days?,@413345 All orders have a processing time. Prime Two-Day applies once the order ships out. Learn more here: https://t.co/B6WjTdznBx ^SH,customer_service_other,,"General complaint, contact request, praise, or unclear issue.",,delivery_delay,0.36415378769388757
200,@AmazonHelp Hi I'm being charged for a prime account when I don't have a prime account and am not sure how you got my bank details?,"@754103 I'm sorry for the unforeseen charge. For details on how to cancel Prime, please see here: https://t.co/5elpsaTgsY ^JE",payment_billing,,"Explicit payment, charge, or billing issue.",,payment_billing,0.4224006435598838
